<?xml version="1.0"?>
<doc>
    <assembly>
        <name>Blackfin.Core.Windsor</name>
    </assembly>
    <members>
        <member name="T:Blackfin.Core.Windsor.Proc">
            <summary>
            Common delegate definition
            </summary>
        </member>
        <member name="T:Blackfin.Core.Windsor.Proc`1">
            <summary>
            Common delegate definition
            </summary>
        </member>
        <member name="T:Blackfin.Core.Windsor.Proc`2">
            <summary>
            Common delegate definition
            </summary>
        </member>
        <member name="T:Blackfin.Core.Windsor.Proc`3">
            <summary>
            Common delegate definition
            </summary>
        </member>
        <member name="T:Blackfin.Core.Windsor.Proc`4">
            <summary>
            Common delegate definition
            </summary>
        </member>
        <member name="T:Blackfin.Core.Windsor.Proc`5">
            <summary>
            Common delegate definition
            </summary>
        </member>
        <member name="T:Blackfin.Core.Windsor.Proc`6">
            <summary>
            Common delegate definition
            </summary>
        </member>
        <member name="T:Blackfin.Core.Windsor.Proc`7">
            <summary>
            Common delegate definition
            </summary>
        </member>
        <member name="T:Blackfin.Core.Windsor.Proc`8">
            <summary>
            Common delegate definition
            </summary>
        </member>
        <member name="T:Blackfin.Core.Windsor.Proc`9">
            <summary>
            Common delegate definition
            </summary>
        </member>
        <member name="T:Blackfin.Core.Windsor.DisposableAction`1">
            <summary>
            Better sytnax for context operation.
            Wraps a delegate that is executed when the Dispose method is called.
            This allows to do context sensitive things easily.
            Basically, it mimics Java's anonymous classes.
            </summary>
            <typeparam name="T">
            The type of the parameter that the delegate to execute on dispose
            will accept
            </typeparam>
        </member>
        <member name="M:Blackfin.Core.Windsor.DisposableAction`1.#ctor(Blackfin.Core.Windsor.Proc{`0},`0)">
            <summary>
            Initializes a new instance of the <see cref="T:Blackfin.Core.Windsor.DisposableAction`1"/> class.
            </summary>
            <param name="action">The action to execute on dispose</param>
            <param name="val">The value that will be passed to the action on dispose</param>
        </member>
        <member name="M:Blackfin.Core.Windsor.DisposableAction`1.Dispose">
            <summary>
            Performs application-defined tasks associated with freeing, releasing, or resetting unmanaged resources.
            </summary>
        </member>
        <member name="P:Blackfin.Core.Windsor.DisposableAction`1.Value">
            <summary>
            Gets the value associated with this action
            </summary>
            <value>The value.</value>
        </member>
        <member name="T:Blackfin.Core.Windsor.DisposableAction">
            <summary>
            Better sytnax for context operation.
            Wraps a delegate that is executed when the Dispose method is called.
            This allows to do context sensitive things easily.
            Basically, it mimics Java's anonymous classes.
            </summary>
        </member>
        <member name="M:Blackfin.Core.Windsor.DisposableAction.#ctor(Blackfin.Core.Windsor.Proc)">
            <summary>
            Initializes a new instance of the <see cref="T:Blackfin.Core.Windsor.DisposableAction"/> class.
            </summary>
            <param name="action">The action to execute on dispose</param>
        </member>
        <member name="M:Blackfin.Core.Windsor.DisposableAction.Dispose">
            <summary>
            Performs application-defined tasks associated with freeing, releasing, or resetting unmanaged resources.
            </summary>
        </member>
        <member name="T:Blackfin.Core.Windsor.ILocalData">
            <summary>
            Implementors of this interface are used to store data
            in a local fashion
            </summary>
        </member>
        <member name="M:Blackfin.Core.Windsor.ILocalData.Clear">
            <summary>
            Clears this instance.
            </summary>
        </member>
        <member name="P:Blackfin.Core.Windsor.ILocalData.Item(System.Object)">
            <summary>
            Gets or sets the <see cref="T:System.Object"/> with the specified key.
            </summary>
            <value></value>
        </member>
        <member name="T:Blackfin.Core.Windsor.InjectableAttribute">
            <summary>
            Indicates a property that should be injected via IoC.
            </summary>
        </member>
        <member name="T:Blackfin.Core.Windsor.IoC">
            <summary>
            Ayende's IoC class.
            </summary>
        </member>
        <member name="M:Blackfin.Core.Windsor.IoC.Initialize(Castle.Windsor.IWindsorContainer)">
            <summary>
            Initializes the specified container.  Call with null to un-initialize the container.
            </summary>
            <param name="windsorContainer">The windsor container.</param>
        </member>
        <member name="M:Blackfin.Core.Windsor.IoC.Resolve(System.Type)">
            <summary>
            Resolves the specified service type.
            </summary>
            <param name="serviceType">Type of the service.</param>
            <returns></returns>
        </member>
        <member name="M:Blackfin.Core.Windsor.IoC.Resolve(System.String)">
            <summary>
            Resolves the specified service name.
            </summary>
            <param name="serviceName">Name of the service.</param>
            <returns></returns>
        </member>
        <member name="M:Blackfin.Core.Windsor.IoC.Resolve(System.Type,System.String)">
            <summary>
            Resolves the specified service type.
            </summary>
            <param name="serviceType">Type of the service.</param>
            <param name="serviceName">Name of the service.</param>
            <returns></returns>
        </member>
        <member name="M:Blackfin.Core.Windsor.IoC.TryResolve``1">
            <summary>
            Tries to resolve the component, but return null
            instead of throwing if it is not there.
            Useful for optional dependencies.
            </summary>
            <typeparam name="T"></typeparam>
            <returns></returns>
        </member>
        <member name="M:Blackfin.Core.Windsor.IoC.TryResolve``1(``0)">
            <summary>
            Tries to resolve the compoennt, but return the default 
            value if could not find it, instead of throwing.
            Useful for optional dependencies.
            </summary>
            <typeparam name="T"></typeparam>
            <param name="defaultValue">The default value.</param>
            <returns></returns>
        </member>
        <member name="M:Blackfin.Core.Windsor.IoC.Resolve``1">
            <summary>
            Resolves this instance.
            </summary>
            <typeparam name="T"></typeparam>
            <returns></returns>
        </member>
        <member name="M:Blackfin.Core.Windsor.IoC.Resolve``1(System.String)">
            <summary>
            Resolves the specified name.
            </summary>
            <typeparam name="T"></typeparam>
            <param name="name">The name.</param>
            <returns></returns>
        </member>
        <member name="M:Blackfin.Core.Windsor.IoC.UseLocalContainer(Castle.Windsor.IWindsorContainer)">
            <summary>
            This allows you to override the global container locally
            Useful for scenarios where you are replacing the global container
            but needs to do some initializing that relies on it.
            </summary>
            <param name="localContainer"></param>
            <returns></returns>
        </member>
        <member name="M:Blackfin.Core.Windsor.IoC.Reset(Castle.Windsor.IWindsorContainer)">
            <summary>
            Resets the specified container.
            </summary>
            <param name="containerToReset">The container.</param>
        </member>
        <member name="M:Blackfin.Core.Windsor.IoC.Reset">
            <summary>
            Resets this instance.
            </summary>
        </member>
        <member name="M:Blackfin.Core.Windsor.IoC.ResolveAll(System.Type)">
            <summary>
            Resolves all.
            </summary>
            <param name="service">The service.</param>
            <returns></returns>
        </member>
        <member name="M:Blackfin.Core.Windsor.IoC.ResolveAll``1">
            <summary>
            Resolves all.
            </summary>
            <typeparam name="T"></typeparam>
            <returns></returns>
        </member>
        <member name="M:Blackfin.Core.Windsor.IoC.WireUpInjectableProperties(System.Object)">
            <summary>
            Find all properties tagged [Injectable] in this object, and
            attempt to resolve with the current IoC container.
            </summary>
            <param name="instance">The instance.</param>
        </member>
        <member name="P:Blackfin.Core.Windsor.IoC.Container">
            <summary>
            Gets the container.
            </summary>
            <value>The container.</value>
        </member>
        <member name="P:Blackfin.Core.Windsor.IoC.IsInitialized">
            <summary>
            Gets a value indicating whether this instance is initialized.
            </summary>
            <value>
            	<c>true</c> if this instance is initialized; otherwise, <c>false</c>.
            </value>
        </member>
        <member name="T:Blackfin.Core.Windsor.Local">
            <summary>
            This class is key for handling local data, data that is private
            to the current context, be it the current thread, the current web 
            request, etc.
            </summary>
        </member>
        <member name="P:Blackfin.Core.Windsor.Local.Data">
            <summary>
            Gets the current data
            </summary>
            <value>The data.</value>
        </member>
        <member name="P:Blackfin.Core.Windsor.Local.RunningInWeb">
            <summary>
            Gets a value indicating whether running in the web context
            </summary>
            <value><c>true</c> if [running in web]; otherwise, <c>false</c>.</value>
        </member>
    </members>
</doc>
